Overview,,,,,,,,,,,,,,,,,,,,,,,,,,,,,,,,,,,,,,,,,,,,,,,,,,,,,,,,,,,,,,,,,,,,,,,,,,,,,,,,,,,,,,,,,,,,,,
Name,Hydrogen,Helium,Lithium,Beryllium,Boron,Carbon,Nitrogen,Oxygen,Fluorine,Neon,Sodium,Magnesium,Aluminum,Silicon,Phosphorus,Sulfur,Chlorine,Argon,Potassium,Calcium,Scandium,Titanium,Vanadium,Chromium,Manganese,Iron,Cobalt,Nickel,Copper,Zinc,Gallium,Germanium,Arsenic,Selenium,Bromine,Krypton,Rubidium,Strontium,Yttrium,Zirconium,Niobium,Molybdenum,Technetium,Ruthenium,Rhodium,Palladium,Silver,Cadmium,Indium,Tin,Antimony,Tellurium,Iodine,Xenon,Cesium,Barium,Lanthanum,Cerium,Praseodymium,Neodymium,Promethium,Samarium,Europium,Gadolinium,Terbium,Dysprosium,Holmium,Erbium,Thulium,Ytterbium,Lutetium,Hafnium,Tantalum,Tungsten,Rhenium,Osmium,Iridium,Platinum,Gold,Mercury,Thallium,Lead,Bismuth,Polonium,Astatine,Radon,Francium,Radium,Actinium,Thorium,Protactinium,Uranium,Neptunium,Plutonium
Symbol,H,He,Li,Be,B,C,N,O,F,Ne,Na,Mg,Al,Si,P,S,Cl,Ar,K,Ca,Sc,Ti,V,Cr,Mn,Fe,Co,Ni,Cu,Zn,Ga,Ge,As,Se,Br,Kr,Rb,Sr,Y,Zr,Nb,Mo,Tc,Ru,Rh,Pd,Ag,Cd,In,Sn,Sb,Te,I,Xe,Cs,Ba,La,Ce,Pr,Nd,Pm,Sm,Eu,Gd,Tb,Dy,Ho,Er,Tm,Yb,Lu,Hf,Ta,W,Re,Os,Ir,Pt,Au,Hg,Tl,Pb,Bi,Po,At,Rn,Fr,Ra,Ac,Th,Pa,U,Np,Pu
Atomic Number,1,2,3,4,5,6,7,8,9,10,11,12,13,14,15,16,17,18,19,20,21,22,23,24,25,26,27,28,29,30,31,32,33,34,35,36,37,38,39,40,41,42,43,44,45,46,47,48,49,50,51,52,53,54,55,56,57,58,59,60,61,62,63,64,65,66,67,68,69,70,71,72,73,74,75,76,77,78,79,80,81,82,83,84,85,86,87,88,89,90,91,92,93,94
Atomic Weight,1.008,4.002602,6.94,9.0121831,10.81,12.011,14.007,15.999,18.99840316,20.1797,22.98976928,24.305,26.9815385,28.085,30.973762,32.06,35.45,39.948,39.0983,40.078,44.955908,47.867,50.9415,51.9961,54.938044,55.845,58.933194,58.6934,63.546,65.38,69.723,72.63,74.921595,78.971,79.904,83.798,85.4678,87.62,88.90584,91.224,92.90637,95.95,97,101.07,102.9055,106.42,107.8682,112.414,114.818,118.71,121.76,127.6,126.90447,131.293,132.905452,137.327,138.90547,140.116,140.90766,144.242,145,150.36,151.964,157.25,158.92535,162.5,164.93033,167.259,168.93422,173.045,174.9668,178.49,180.94788,183.84,186.207,190.23,192.217,195.084,196.966569,200.592,204.38,207.2,208.9804,209,210,222,223,226,227,232.0377,231.03588,238.02891,237,244
,,,,,,,,,,,,,,,,,,,,,,,,,,,,,,,,,,,,,,,,,,,,,,,,,,,,,,,,,,,,,,,,,,,,,,,,,,,,,,,,,,,,,,,,,,,,,,
Thermal properties,,,,,,,,,,,,,,,,,,,,,,,,,,,,,,,,,,,,,,,,,,,,,,,,,,,,,,,,,,,,,,,,,,,,,,,,,,,,,,,,,,,,,,,,,,,,,,
Phase,Gas,Gas,Solid,Solid,Solid,Solid,Gas,Gas,Gas,Gas,Solid,Solid,Solid,Solid,Solid,Solid,Gas,Gas,Solid,Solid,Solid,Solid,Solid,Solid,Solid,Solid,Solid,Solid,Solid,Solid,Solid,Solid,Solid,Solid,Liquid,Gas,Solid,Solid,Solid,Solid,Solid,Solid,Solid,Solid,Solid,Solid,Solid,Solid,Solid,Solid,Solid,Solid,Solid,Gas,Solid,Solid,Solid,Solid,Solid,Solid,Solid,Solid,Solid,Solid,Solid,Solid,Solid,Solid,Solid,Solid,Solid,Solid,Solid,Solid,Solid,Solid,Solid,Solid,Solid,Liquid,Solid,Solid,Solid,Solid,Solid,Gas,Solid,Solid,Solid,Solid,Solid,Solid,Solid,Solid
Melting Point [degree Celsius],-259.14,nan,180.54,1287,2075,3550,-210.1,-218.3,-219.6,-248.59,97.72,650,660.32,1414,44.2,115.21,-101.5,-189.3,63.38,842,1541,1668,1910,1907,1246,1538,1495,1455,1084.62,419.53,29.76,938.3,817,221,-7.3,-157.36,39.31,777,1526,1855,2477,2623,2157,2334,1964,1554.9,961.78,321.07,156.6,231.93,630.63,449.51,113.7,-111.8,28.44,727,919,798,931,1021,1100,1072,822,1313,1356,1412,1474,1497,1545,819,1663,2233,3017,3422,3186,3033,2466,1768.3,1064.18,-38.83,304,327.46,271.3,254,302,-71,nan,700,1050,1750,1572,1135,644,640
Boiling Point [degree Celsius],-252.87,-268.93,1342,2470,4000,4027,-195.79,-182.9,-188.12,-246.08,883,1090,2519,2900,280.5,444.72,-34.04,-185.8,759,1484,2830,3287,3407,2671,2061,2861,2927,2913,2562,907,2204,2820,614,685,59,-153.22,688,1382,3345,4409,4744,4639,4265,4150,3695,2963,2162,767,2072,2602,1587,988,184.3,-108,671,1870,3464,3360,3290,3100,3000,1803,1527,3250,3230,2567,2700,2868,1950,1196,3402,4603,5458,5555,5596,5012,4428,3825,2856,356.73,1473,1749,1564,962,nan,-61.7,nan,1737,3200,4820,4000,3927,4000,3230
Absolute Melting Point [K],14.01,nan,453.69,1560,2348,3823,63.05,54.8,53.5,24.56,370.87,923,933.47,1687,317.3,388.36,171.6,83.8,336.53,1115,1814,1941,2183,2180,1519,1811,1768,1728,1357.77,692.68,302.91,1211.4,1090,494,265.8,115.79,312.46,1050,1799,2128,2750,2896,2430,2607,2237,1828.05,1234.93,594.22,429.75,505.08,903.78,722.66,386.85,161.3,301.59,1000,1193,1071,1204,1294,1373,1345,1095,1586,1629,1685,1747,1770,1818,1092,1936,2506,3290,3695,3459,3306,2739,2041.4,1337.33,234.32,577,600.61,544.4,528,577,202,nan,973,1323,2023,1845,1408,917,913
Absolute Boiling Point [K],20.28,4.22,1615,2743,4273,4300,77.36,90.2,85.03,27.07,1156,1363,2792,3173,553.6,717.87,239.11,87.3,1032,1757,3103,3560,3680,2944,2334,3134,3200,3186,2835,1180,2477,3093,887,958,332,119.93,961,1655,3618,4682,5017,4912,4538,4423,3968,3236,2435,1040,2345,2875,1860,1261,457.4,165.1,944,2143,3737,3633,3563,3373,3273,2076,1800,3523,3503,2840,2973,3141,2223,1469,3675,4876,5731,5828,5869,5285,4701,4098,3129,629.88,1746,2022,1837,1235,nan,211.3,nan,2010,3473,5093,4273,4200,4273,3503
Critical Pressure [MPa],1.293,0.227,67,nan,nan,nan,3.39,5.043,5.172,2.76,35,nan,nan,nan,nan,20.7,7.991,4.898,16,nan,nan,nan,nan,nan,nan,nan,nan,nan,nan,nan,nan,nan,nan,27.2,10.34,5.5,16,nan,nan,nan,nan,nan,nan,nan,nan,nan,nan,nan,nan,nan,nan,nan,11.7,5.841,9.4,nan,nan,nan,nan,nan,nan,nan,nan,nan,nan,nan,nan,nan,nan,nan,nan,nan,nan,nan,nan,nan,nan,nan,nan,172,nan,nan,nan,nan,nan,6.28,nan,nan,nan,nan,nan,nan,nan,nan
Critical Temperature [K],32.97,5.19,3223,nan,nan,nan,126.21,154.59,144.13,44.4,2573,nan,nan,nan,nan,1314,416.9,150.87,2223,nan,nan,nan,nan,nan,nan,nan,nan,nan,nan,nan,nan,nan,nan,1766,588,209.41,2093,nan,nan,nan,nan,nan,nan,nan,nan,nan,nan,nan,nan,nan,nan,nan,819,289.77,1938,nan,nan,nan,nan,nan,nan,nan,nan,nan,nan,nan,nan,nan,nan,nan,nan,nan,nan,nan,nan,nan,nan,nan,nan,1750,nan,nan,nan,nan,nan,377,nan,nan,nan,nan,nan,nan,nan,nan
Heat of Fusion [kJ/mol],0.558,0.02,3,7.95,50,105,0.36,0.222,0.26,0.34,2.6,8.7,10.7,50.2,0.64,1.73,3.2,1.18,2.33,8.54,16,18.7,22.8,20.5,13.2,13.8,16.2,17.2,13.1,7.35,5.59,31.8,27.7,5.4,5.8,1.64,2.19,8,11.4,21,26.8,36,23,25.7,21.7,16.7,11.3,6.3,3.26,7,19.7,17.5,7.76,2.3,2.09,8,6.3,5.5,6.9,7.1,7.7,8.5,9.3,10,10.8,11.1,17,19.9,16.8,7.7,22,25.5,36,35,33,31,26,20,12.5,2.29,4.2,4.77,10.9,13,6,3,2,8,14,16,15,14,10,nan
Heat of Vaporization [kJ/mol],0.452,0.083,147,297,507,715,2.79,3.41,3.27,1.75,97.7,128,293,359,12.4,9.8,10.2,6.5,76.9,155,318,425,453,339,220,347,375,378,300,119,256,334,32.4,26,14.8,9.02,71,137,380,580,690,600,550,580,495,380,255,100,230,290,67,48,20.9,12.64,64,140,400,350,330,285,290,175,175,305,295,280,265,285,250,160,415,630,736,800,705,630,560,490,330,59.2,165,178,160,100,40,17,64,125,400,530,470,420,335,325
Specific Heat [J/(kg K)],14300,5193.1,3570,1820,1030,710,1040,919,824,1030,1230,1020,904,710,769.7,705,478.2,520.33,757,631,567,520,489,448,479,449,421,445,384.4,388,371,321.4,328,321.2,947.3,248.05,364,300,298,278,265,251,63,238,240,240,235,230,233,217,207,201,429,158.32,242,205,195,192,193,190,nan,196,182,240,182,167,165,168,160,154,154,144,140,132,137,130,131,133,129.1,139.5,129,127,122,nan,nan,93.65,nan,92,120,118,99.1,116,nan,nan
Adiabatic Index,"""7/5""","""5/3""",nan,nan,nan,nan,"""7/5""","""7/5""","""7/5""","""5/3""",nan,nan,nan,nan,nan,nan,"""7/5""","""5/3""",nan,nan,nan,nan,nan,nan,nan,nan,nan,nan,nan,nan,nan,nan,nan,nan,nan,"""5/3""",nan,nan,nan,nan,nan,nan,nan,nan,nan,nan,nan,nan,nan,nan,nan,nan,nan,"""5/3""",nan,nan,nan,nan,nan,nan,nan,nan,nan,nan,nan,nan,nan,nan,nan,nan,nan,nan,nan,nan,nan,nan,nan,nan,nan,nan,nan,nan,nan,nan,nan,"""5/3""",nan,nan,nan,nan,nan,nan,nan,nan
Neel Point [K],nan,nan,nan,nan,nan,nan,nan,nan,nan,nan,nan,nan,nan,nan,nan,nan,nan,nan,nan,nan,nan,nan,nan,393,100,nan,nan,nan,nan,nan,nan,nan,nan,nan,nan,nan,nan,nan,nan,nan,nan,nan,nan,nan,nan,nan,nan,nan,nan,nan,nan,nan,nan,nan,nan,nan,nan,12.5,nan,19.2,nan,106,90.5,nan,230,178,132,82,56,nan,nan,nan,nan,nan,nan,nan,nan,nan,nan,nan,nan,nan,nan,nan,nan,nan,nan,nan,nan,nan,nan,nan,nan,nan
Thermal Conductivity [W/(m K)],0.1805,0.1513,85,190,27,140,0.02583,0.02658,0.0277,0.0491,140,160,235,150,0.236,0.205,0.0089,0.01772,100,200,16,22,31,94,7.7,79,100,91,400,120,29,60,50,0.52,0.12,0.00943,58,35,17,23,54,139,51,120,150,71,430,96,82,67,24,3,0.449,0.00565,36,18,13,11,13,17,15,13,14,11,11,11,16,15,17,39,16,23,57,170,48,87,150,71,320,8.3,46,35,8,nan,2,0.00361,nan,19,12,54,47,27,6,6
Thermal Expansion [1/K],nan,nan,0.000046,0.0000113,6.00E-06,7.10E-06,nan,nan,nan,nan,0.00007,0.0000248,0.0000231,2.60E-06,nan,nan,nan,nan,nan,0.0000223,0.0000102,8.60E-06,8.40E-06,4.90E-06,0.0000217,0.0000118,0.000013,0.0000134,0.0000165,0.0000302,0.00012,6.00E-06,nan,nan,nan,nan,nan,0.0000225,0.0000106,5.70E-06,7.30E-06,4.80E-06,nan,6.40E-06,8.00E-06,0.0000118,0.0000189,0.0000308,0.0000321,0.000022,0.000011,nan,nan,nan,nan,0.0000206,0.0000121,6.30E-06,6.70E-06,9.60E-06,0.000011,0.0000127,0.000035,9.40E-06,0.0000103,0.00001,0.0000112,0.0000122,0.0000133,0.0000263,0.00001,5.90E-06,6.30E-06,4.50E-06,6.20E-06,5.10E-06,6.40E-06,8.90E-06,0.0000142,0.000181,0.0000299,0.0000289,0.0000134,nan,nan,nan,nan,nan,nan,0.000011,nan,0.0000139,nan,nan
Debye Temperature [0 K],122,nan,344,1481,1480,4.13E+02,nan,nan,nan,74.6,156.5,403,433,645,nan,nan,nan,92,nan,229,346,420,399,606,409,477,460,477,347,329,325,373,282,152.5,nan,71.9,56.5,147,248,290,276,423,454,555,512,271,227.3,210,112,200,220,152,109,64,40.5,111,145,179,152,163,nan,169,118,182,176,183,190,188,200,118,183,252,246,383,416,467,420,237,162.3,72,78.5,105,120,nan,nan,nan,39,89,nan,160,185,248,259,206
Debye Temperature [298 K],nan,nan,448,1031,1362,nan,nan,nan,nan,nan,155,330,390,692,576,nan,nan,nan,nan,230,476,380,390,424,363,373,386,345,310,237,240,403,nan,nan,nan,nan,59,148,214,250,260,377,422,415,350,275,221,221,129,254,200,nan,nan,nan,43,116,135,138,138,148,nan,184,nan,155,158,158,161,163,167,nan,116,213,225,312,275,400,228,225,178,92,96,87,116,nan,nan,nan,nan,nan,nan,100,262,300,163,176
,,,,,,,,,,,,,,,,,,,,,,,,,,,,,,,,,,,,,,,,,,,,,,,,,,,,,,,,,,,,,,,,,,,,,,,,,,,,,,,,,,,,,,,,,,,,,,
Bulk physical properties,,,,,,,,,,,,,,,,,,,,,,,,,,,,,,,,,,,,,,,,,,,,,,,,,,,,,,,,,,,,,,,,,,,,,,,,,,,,,,,,,,,,,,,,,,,,,,
"Density [g/l](gas), [g/cm3](solid)",0.0899,0.1785,0.535,1.848,2.46,2.26,1.251,1.429,1.696,0.9,0.968,1.738,2.7,2.33,1.823,1.96,3.214,1.784,0.856,1.55,2.985,4.507,6.11,7.19,7.47,7.874,8.9,8.908,8.96,7.14,5.904,5.323,5.727,4.819,3.12,3.75,1.532,2.63,4.472,6.511,8.57,10.28,11.5,12.37,12.45,12.023,10.49,8.65,7.31,7.31,6.697,6.24,4.94,5.9,1.879,3.51,6.146,6.689,6.64,7.01,7.264,7.353,5.244,7.901,8.219,8.551,8.795,9.066,9.32,6.57,9.841,13.31,16.65,19.25,21.02,22.59,22.56,21.45,19.3,13.534,11.85,11.34,9.78,9.196,nan,9.73,nan,5,10.07,11.724,15.37,19.05,20.45,19.816
Density (Liquid) [g/cm3],nan,nan,0.512,1.69,2.08,nan,nan,nan,nan,nan,0.927,1.584,2.375,2.57,nan,1.819,nan,nan,0.828,1.378,2.8,4.11,5.5,6.3,5.95,6.98,7.75,7.81,8.02,6.57,6.095,5.6,5.22,3.99,3.12,nan,1.46,2.375,4.24,5.8,nan,9.33,nan,10.65,10.7,10.38,9.32,7.996,7.02,6.99,6.53,5.7,nan,nan,1.843,3.338,5.94,6.55,6.5,6.89,nan,7.16,5.13,7.4,7.65,8.37,8.34,8.86,8.56,6.21,9.3,12,15,17.6,18.9,20,19,19.77,17.31,13.534,11.22,10.66,10.05,nan,nan,nan,nan,nan,nan,nan,nan,17.3,nan,16.63
Molar Volume,0.01121,0.022424,0.00001297,4.88E-06,4.39E-06,5.31E-06,0.011197,0.011196,0.011202,0.02242,0.00002375,0.000013984,9.99E-06,0.000012054,0.000016991,0.000016357,0.01103,0.022392,0.00004568,0.000025857,0.000015061,0.000010621,8.34E-06,7.23E-06,7.35E-06,7.09E-06,6.62E-06,6.59E-06,7.09E-06,9.16E-06,0.000011809,0.000013645,0.000013082,0.000016387,0.00002561,0.02235,0.000055788,0.000033316,0.000019881,0.000014011,0.000010841,9.33E-06,8.43E-06,8.17E-06,8.27E-06,8.85E-06,0.000010283,0.000012996,0.000015707,0.000016239,0.000018181,0.000020449,0.000025689,0.0223,0.000070732,0.000039125,0.000022601,0.000020947,0.000021221,0.000020577,2.00E-05,0.000020449,0.000028979,0.000019903,0.000019336,0.000019004,0.000018753,0.000018449,0.000018126,0.000026339,0.000017779,1.34E-05,1.09E-05,9.55E-06,8.86E-06,8.42E-06,8.52E-06,9.09E-06,0.00001021,1.48E-05,1.72E-05,0.000018272,0.000021368,2.27E-05,nan,0.022816033,nan,0.0000452,2.25E-05,1.98E-05,1.50E-05,0.000012495,1.16E-05,1.23E-05
"Molar Volume [cm3/mol](solid, 298 K, 1 atm)",23.207,nan,13.02,4.85E+00,4.39E+00,5.29E+00,2.10E+01,nan,1.12E+01,1.34E+01,2.38E+01,1.40E+01,2.70E+00,2.33E+00,1.70E+01,1.55E+01,nan,2.26E+01,4.59E+01,2.62E+01,1.50E+01,1.06E+01,8.32E+00,7.15E+00,7.35E+00,7.09E+00,6.67E+00,6.59E+00,8.96E+00,9.16E+00,1.18E+01,1.36E+01,1.30E+01,1.64E+01,1.98E+01,2.71E+01,1.53E+00,3.39E+01,1.99E+01,1.40E+01,1.08E+01,9.38E+00,8.63E+00,8.17E+00,8.28E+00,8.56E+00,1.03E+01,1.30E+01,1.58E+01,1.63E+01,1.82E+01,2.05E+01,2.57E+01,3.47E+01,7.09E+01,3.82E+01,2.24E+01,2.07E+01,2.08E+01,2.06E+01,2.02E+01,2.00E+01,2.90E+01,1.99E+01,1.93E+01,1.90E+01,1.87E+01,1.85E+01,1.91E+01,2.48E+01,1.78E+01,1.34E+01,1.09E+01,9.47E+00,8.86E+00,8.42E+00,8.52E+00,9.09E+00,1.02E+01,1.41E+01,1.72E+01,1.83E+01,2.13E+01,2.30E+01,nan,5.05E+01,nan,4.11E+01,2.26E+01,1.98E+01,1.52E+01,1.25E+01,1.16E+01,1.23E+01
Brinell Hardness [MPa],nan,nan,nan,600,nan,nan,nan,nan,nan,nan,0.69,260,245,nan,nan,nan,nan,nan,0.363,167,750,715,628,1120,196,490,700,700,874,412,60,7273.402499,1440,736,nan,nan,0.216,nan,588,650,736,1500,nan,2160,1100,37.2,24.5,203,8.83,51,294,180,nan,nan,0.14,nan,363,412,481,265,nan,441,nan,nan,677,500,746,814,471,343,893,1700,800,2570,1320,3920,1670,392,2450,nan,26.4,38.3,94.2,nan,nan,nan,nan,nan,nan,400,nan,2400,nan,nan
Mohs Hardness,nan,nan,0.6,5.5,9.3,0.5,nan,nan,nan,nan,0.5,2.5,2.75,6.5,nan,2,nan,nan,0.4,1.75,nan,6,7,8.5,6,4,5,4,3,2.5,1.5,6,3.5,2,nan,nan,0.3,1.5,nan,5,6,5.5,nan,6.5,6,4.75,2.5,2,1.2,1.5,3,2.25,nan,nan,0.2,1.25,2.5,2.5,1.41,1.23,nan,1.44,3.07,5.13,2.33,1.8,1.65,1.97,1.77,nan,2.6,5.5,6.5,7.5,7,7,6.5,3.5,2.5,nan,1.2,1.5,2.25,nan,nan,nan,nan,nan,nan,3,nan,6,nan,nan
Vickers Hardness [GPa],nan,nan,nan,1670,49000,nan,nan,nan,nan,nan,nan,nan,167,9630.1303,nan,nan,nan,nan,nan,nan,nan,970,628,1060,nan,608,1043,638,369,nan,nan,8012.03305,1510,nan,nan,nan,nan,nan,nan,904,1320,1530,nan,2298.138767,1246,461,251,nan,nan,nan,nan,nan,nan,nan,nan,nan,491,270,400,343,nan,412,167,570,863,540,481,588,520,206,1160,1760,873,3430,2450,4137.063913,1760,549,216,nan,nan,nan,nan,nan,nan,nan,nan,nan,nan,350,nan,1960,nan,nan
Bulk Modulus [GPa],nan,nan,11,130,320,33,nan,nan,nan,nan,6.3,45,76,100,11,7.7,1.1,nan,3.1,17,57,110,160,160,120,170,180,180,140,70,nan,nan,22,8.3,1.9,nan,2.5,nan,41,nan,170,230,nan,220,380,180,100,42,nan,58,42,64,7.7,nan,1.6,9.4,28,22,29,32,33,38,8.3,38,38.7,41,40,44,45,31,48,110,200,310,370,nan,320,230,220,25,43,46,31,nan,nan,nan,nan,nan,nan,54,nan,100,nan,nan
Shear Modulus [GPa],nan,nan,4.2,132,nan,nan,nan,nan,nan,nan,3.3,17,26,nan,nan,nan,nan,nan,1.3,7.4,29,44,47,115,nan,82,76,76,48,43,nan,nan,nan,3.7,nan,nan,nan,6.1,26,33,38,20,nan,173,150,44,30,19,nan,18,20,16,nan,nan,nan,4.9,14,14,15,16,18,20,7.9,22,22,25,26,28,31,10,27,30,67,161,178,222,210,61,27,nan,2.8,5.6,12,nan,nan,nan,nan,nan,nan,31,nan,111,nan,43
Young Modulus [GPa],nan,nan,4.9,287,nan,nan,nan,nan,nan,nan,10,45,70,47,nan,nan,nan,nan,nan,20,74,116,128,279,198,211,209,200,130,108,nan,nan,8,10,nan,nan,2.4,nan,64,67,105,329,nan,447,275,121,85,50,11,50,55,43,nan,nan,1.7,13,37,34,37,41,46,50,18,55,56,61,64,70,74,24,67,78,186,411,463,nan,528,168,78,nan,8,16,32,nan,nan,nan,nan,nan,nan,79,nan,208,nan,96
Poisson Ratio,nan,nan,nan,0.032,nan,nan,nan,nan,nan,nan,nan,0.29,0.35,nan,nan,nan,nan,nan,nan,0.31,0.28,0.32,0.37,0.21,nan,0.29,0.31,0.31,0.34,0.25,nan,nan,nan,0.33,nan,nan,nan,0.28,0.24,0.34,0.4,0.31,nan,0.3,0.26,0.39,0.37,0.3,nan,0.36,nan,nan,nan,nan,nan,nan,0.28,0.24,0.28,0.28,0.28,0.27,0.15,0.26,0.26,0.25,0.23,0.24,0.21,0.21,0.26,0.37,0.34,0.28,0.3,0.25,0.26,0.38,0.44,nan,0.45,0.44,0.33,nan,nan,nan,nan,nan,nan,0.27,nan,0.23,nan,0.21
Refractive Index,1.000132,1.000035,nan,nan,nan,2.417,1.000298,1.000271,1.000195,1.000067,nan,nan,nan,nan,1.001212,1.001111,1.000773,1.000281,nan,nan,nan,nan,nan,nan,nan,nan,nan,nan,nan,1.00205,nan,nan,1.001552,1.000895,1.001132,1.000427,nan,nan,nan,nan,nan,nan,nan,nan,nan,nan,nan,nan,nan,nan,nan,1.000991,nan,1.000702,nan,nan,nan,nan,nan,nan,nan,nan,nan,nan,nan,nan,nan,nan,nan,nan,nan,nan,nan,nan,nan,nan,nan,nan,nan,1.000933,nan,nan,nan,nan,nan,nan,nan,nan,nan,nan,nan,nan,nan,nan
Speed of Sound [m/s],1270,970,6000,13000,16200,18350,333.6,317.5,nan,936,3200,4602,5100,2200,nan,nan,206,319,2000,3810,nan,4140,4560,5940,5150,4910,4720,4970,3570,3700,2740,5400,nan,3350,nan,1120,1300,nan,3300,3800,3480,6190,nan,5970,4700,3070,2600,2310,1215,2500,3420,2610,nan,1090,nan,1620,2475,2100,2280,2330,nan,2130,nan,2680,2620,2710,2760,2830,nan,1590,nan,3010,3400,5174,4700,4940,4825,2680,1740,1407,818,1260,1790,nan,nan,nan,nan,nan,nan,2490,nan,3155,nan,2260
Thermal Conductivity [W/(m K)],0.1805,0.1513,85,190,27,140,0.02583,0.02658,0.0277,0.0491,140,160,235,150,0.236,0.205,0.0089,0.01772,100,200,16,22,31,94,7.7,79,100,91,400,120,29,60,50,0.52,0.12,0.00943,58,35,17,23,54,139,51,120,150,71,430,96,82,67,24,3,0.449,0.00565,36,18,13,11,13,17,15,13,14,11,11,11,16,15,17,39,16,23,57,170,48,87,150,71,320,8.3,46,35,8,nan,2,0.00361,nan,19,12,54,47,27,6,6
Thermal Expansion [1/K],nan,nan,0.000046,0.0000113,6.00E-06,7.10E-06,nan,nan,nan,nan,0.00007,0.0000248,0.0000231,2.60E-06,nan,nan,nan,nan,nan,0.0000223,0.0000102,8.60E-06,8.40E-06,4.90E-06,0.0000217,0.0000118,0.000013,0.0000134,0.0000165,0.0000302,0.00012,6.00E-06,nan,nan,nan,nan,nan,0.0000225,0.0000106,5.70E-06,7.30E-06,4.80E-06,nan,6.40E-06,8.00E-06,0.0000118,0.0000189,0.0000308,0.0000321,0.000022,0.000011,nan,nan,nan,nan,0.0000206,0.0000121,6.30E-06,6.70E-06,9.60E-06,0.000011,0.0000127,0.000035,9.40E-06,0.0000103,0.00001,0.0000112,0.0000122,0.0000133,0.0000263,0.00001,5.90E-06,6.30E-06,4.50E-06,6.20E-06,5.10E-06,6.40E-06,8.90E-06,0.0000142,0.000181,0.0000299,0.0000289,0.0000134,nan,nan,nan,nan,nan,nan,0.000011,nan,0.0000139,nan,nan
,,,,,,,,,,,,,,,,,,,,,,,,,,,,,,,,,,,,,,,,,,,,,,,,,,,,,,,,,,,,,,,,,,,,,,,,,,,,,,,,,,,,,,,,,,,,,,
Reactivity,,,,,,,,,,,,,,,,,,,,,,,,,,,,,,,,,,,,,,,,,,,,,,,,,,,,,,,,,,,,,,,,,,,,,,,,,,,,,,,,,,,,,,,,,,,,,,
Valence,1,0,1,2,3,4,3,2,1,0,1,2,3,4,5,6,5,0,1,2,3,4,5,6,4,3,4,2,2,2,3,4,5,6,5,2,1,2,3,4,5,6,6,6,6,4,1,2,3,4,5,6,7,6,1,2,3,4,4,3,3,3,3,3,3,3,3,3,3,3,3,4,5,6,7,6,6,6,5,2,3,4,5,6,7,6,1,2,3,4,5,6,6,6
Electronegativity,2.2,nan,0.98,1.57,2.04,2.55,3.04,3.44,3.98,nan,0.93,1.31,1.61,1.9,2.19,2.58,3.16,nan,0.82,1,1.36,1.54,1.63,1.66,1.55,1.83,1.88,1.91,1.9,1.65,1.81,2.01,2.18,2.55,2.96,3,0.82,0.95,1.22,1.33,1.6,2.16,1.9,2.2,2.28,2.2,1.93,1.69,1.78,1.96,2.05,2.1,2.66,2.6,0.79,0.89,1.1,1.12,1.13,1.14,nan,1.17,nan,1.2,nan,1.22,1.23,1.24,1.25,nan,1.27,1.3,1.5,2.36,1.9,2.2,2.2,2.28,2.54,2,1.62,2.33,2.02,2,2.2,nan,0.7,0.9,1.1,1.3,1.5,1.38,1.36,1.28
ElectronAffinity [kJ/mol],72.8,0,59.6,0,26.7,153.9,7,141,328,0,52.8,0,42.5,133.6,71,200,349,0,48.4,2.37,18.1,7.6,50.6,64.3,0,15.7,63.7,112,118.4,0,28.9,119,78,195,324.6,0,46.9,5.03,29.6,41.1,86.1,71.9,53,101.3,109.7,53.7,125.6,0,28.9,107.3,103.2,190.2,295.2,0,45.5,13.95,48,50,50,50,50,50,50,50,50,50,50,50,50,50,50,0,31,78.6,14.5,106.1,151,205.3,222.8,0,19.2,35.1,91.2,183.3,270.1,0,nan,nan,nan,nan,nan,nan,nan,nan
Ionization Energies [kJ/mol],1312,2372.3,520.2,899.5,800.6,1086.5,1402.3,1313.9,1681,2080.7,495.8,737.7,577.5,786.5,1011.8,999.6,1251.2,1520.6,418.8,589.8,633.1,658.8,650.9,652.9,717.3,762.5,760.4,737.1,745.5,906.4,578.8,762,947,941,1139.9,1350.8,403,549.5,600,640.1,652.1,684.3,702,710.2,719.7,804.4,731,867.8,558.3,708.6,834,869.3,1008.4,1170.4,375.7,502.9,538.1,534.4,527,533.1,540,544.5,547.1,593.4,565.8,573,581,589.3,596.7,603.4,523.5,658.5,761,770,760,840,880,870,890.1,1007.1,589.4,715.6,703,812.1,920,1037,380,509.3,499,587,568,597.6,604.5,584.7
,,,,,,,,,,,,,,,,,,,,,,,,,,,,,,,,,,,,,,,,,,,,,,,,,,,,,,,,,,,,,,,,,,,,,,,,,,,,,,,,,,,,,,,,,,,,,,
Classifications,,,,,,,,,,,,,,,,,,,,,,,,,,,,,,,,,,,,,,,,,,,,,,,,,,,,,,,,,,,,,,,,,,,,,,,,,,,,,,,,,,,,,,,,,,,,,,
Block,s,s,s,s,p,p,p,p,p,p,s,s,p,p,p,p,p,p,s,s,d,d,d,d,d,d,d,d,d,d,p,p,p,p,p,p,s,s,d,d,d,d,d,d,d,d,d,d,p,p,p,p,p,p,s,s,f,f,f,f,f,f,f,f,f,f,f,f,f,f,d,d,d,d,d,d,d,d,d,d,p,p,p,p,p,p,s,s,f,f,f,f,f,f
Group,1,18,1,2,13,14,15,16,17,18,1,2,13,14,15,16,17,18,1,2,3,4,5,6,7,8,9,10,11,12,13,14,15,16,17,18,1,2,3,4,5,6,7,8,9,10,11,12,13,14,15,16,17,18,1,2,nan,nan,nan,nan,nan,nan,nan,nan,nan,nan,nan,nan,nan,nan,3,4,5,6,7,8,9,10,11,12,13,14,15,16,17,18,1,2,nan,nan,nan,nan,nan,nan
Period,1,1,2,2,2,2,2,2,2,2,3,3,3,3,3,3,3,3,4,4,4,4,4,4,4,4,4,4,4,4,4,4,4,4,4,4,5,5,5,5,5,5,5,5,5,5,5,5,5,5,5,5,5,5,6,6,6,6,6,6,6,6,6,6,6,6,6,6,6,6,6,6,6,6,6,6,6,6,6,6,6,6,6,6,6,6,7,7,7,7,7,7,7,7
Series,Nonmetal,Noble,Alkali,Alkaline,Metalloid,Nonmetal,Nonmetal,Chalcogen,Halogen,Noble,Alkali,Alkaline,Poor,Metalloid,Nonmetal,Chalcogen,Halogen,Noble,Alkali,Alkaline,Transition,Transition,Transition,Transition,Transition,Transition,Transition,Transition,Transition,Transition,Poor,Metalloid,Metalloid,Chalcogen,Halogen,Noble,Alkali,Alkaline,Transition,Transition,Transition,Transition,Transition,Transition,Transition,Transition,Transition,Transition,Poor,Poor,Metalloid,Chalcogen,Halogen,Noble,Alkali,Alkaline,Lanthanide,Lanthanide,Lanthanide,Lanthanide,Lanthanide,Lanthanide,Lanthanide,Lanthanide,Lanthanide,Lanthanide,Lanthanide,Lanthanide,Lanthanide,Lanthanide,Transition,Transition,Transition,Transition,Transition,Transition,Transition,Transition,Transition,Transition,Poor,Poor,Poor,Chalcogen,Halogen,Noble,Alkali,Alkaline,Actinide,Actinide,Actinide,Actinide,Actinide,Actinide
Electron Configuration,1s1,1s2,[He]2s1,[He]2s2,[He]2s22p1,[He]2s22p2,[He]2s22p3,[He]2s22p4,[He]2s22p5,[He]2s22p6,[Ne]3s1,[Ne]3s2,[Ne]3s23p1,[Ne]3s23p2,[Ne]3s23p3,[Ne]3s23p4,[Ne]3s23p5,[Ne]3s23p6,[Ar]4s1,[Ar]4s2,[Ar]4s23d1,[Ar]4s23d2,[Ar]4s23d3,[Ar]4s13d5,[Ar]4s23d5,[Ar]4s23d6,[Ar]4s23d7,[Ar]4s23d8,[Ar]4s13d10,[Ar]4s23d10,[Ar]4s23d104p1,[Ar]4s23d104p2,[Ar]4s23d104p3,[Ar]4s23d104p4,[Ar]4s23d104p5,[Ar]4s23d104p6,[Kr]5s1,[Kr]5s2,[Kr]5s24d1,[Kr]5s24d2,[Kr]5s14d4,[Kr]5s14d5,[Kr]5s24d5,[Kr]5s14d7,[Kr]5s14d8,[Kr]4d10,[Kr]5s14d10,[Kr]5s24d10,[Kr]5s24d105p1,[Kr]5s24d105p2,[Kr]5s24d105p3,[Kr]5s24d105p4,[Kr]5s24d105p5,[Kr]5s24d105p6,[Xe]6s1,[Xe]6s2,[Xe]6s25d1,[Xe]6s24f15d1,[Xe]6s24f3,[Xe]6s24f4,[Xe]6s24f5,[Xe]6s24f6,[Xe]6s24f7,[Xe]6s24f75d1,[Xe]6s24f9,[Xe]6s24f10,[Xe]6s24f11,[Xe]6s24f12,[Xe]6s24f13,[Xe]6s24f14,[Xe]6s24f145d1,[Xe]6s24f145d2,[Xe]6s24f145d3,[Xe]6s24f145d4,[Xe]6s24f145d5,[Xe]6s24f145d6,[Xe]6s24f145d7,[Xe]6s14f145d9,[Xe]6s14f145d10,[Xe]6s24f145d10,[Xe]6s24f145d106p1,[Xe]6s24f145d106p2,[Xe]6s24f145d106p3,[Xe]6s24f145d106p4,[Xe]6s24f145d106p5,[Xe]6s24f145d106p6,[Rn]7s1,[Rn]7s2,[Rn]7s26d1,[Rn]7s26d2,[Rn]7s25f26d1,[Rn]7s25f36d1,[Rn]7s25f46d1,[Rn]7s25f6
Color,Colorless,Colorless,Silver,SlateGray,Black,Black,Colorless,Colorless,Colorless,Colorless,Silver,Silver,Silver,Gray,Colorless,Yellow,Yellow,Colorless,Silver,Silver,Silver,Silver,Silver,Silver,Silver,Gray,Gray,Gray,Copper,SlateGray,Silver,Gray,Silver,Gray,Red,Colorless,Silver,Silver,Silver,Silver,Gray,Gray,Silver,Silver,Silver,Silver,Silver,Silver,Silver,Silver,Silver,Silver,SlateGray,Colorless,Silver,Silver,Silver,Silver,Silver,Silver,Silver,Silver,Silver,Silver,Silver,Silver,Silver,Silver,Silver,Silver,Silver,Gray,Gray,Gray,Gray,SlateGray,Silver,Gray,Gold,Silver,Silver,SlateGray,Gray,Silver,Silver,Colorless,Silver,Silver,Silver,Silver,Silver,Silver,Silver,Silver
,,,,,,,,,,,,,,,,,,,,,,,,,,,,,,,,,,,,,,,,,,,,,,,,,,,,,,,,,,,,,,,,,,,,,,,,,,,,,,,,,,,,,,,,,,,,,,
Electrical properties,,,,,,,,,,,,,,,,,,,,,,,,,,,,,,,,,,,,,,,,,,,,,,,,,,,,,,,,,,,,,,,,,,,,,,,,,,,,,,,,,,,,,,,,,,,,,,
Electrical Type,nan,nan,Conductor,Conductor,Insulator,Conductor,nan,nan,nan,nan,Conductor,Conductor,Conductor,Semiconductor,Conductor,Insulator,Insulator,nan,Conductor,Conductor,Conductor,Conductor,Conductor,Conductor,Conductor,Conductor,Conductor,Conductor,Conductor,Conductor,Conductor,Semiconductor,Conductor,nan,Insulator,nan,Conductor,Conductor,Conductor,Conductor,Conductor,Conductor,Conductor,Conductor,Conductor,Conductor,Conductor,Conductor,Conductor,Conductor,Conductor,Semiconductor,Insulator,nan,Conductor,Conductor,Conductor,Conductor,Conductor,Conductor,Conductor,Conductor,Conductor,Conductor,Conductor,Conductor,Conductor,Conductor,Conductor,Conductor,Conductor,Conductor,Conductor,Conductor,Conductor,Conductor,Conductor,Conductor,Conductor,Conductor,Conductor,Conductor,Conductor,Conductor,nan,nan,nan,Conductor,nan,Conductor,Conductor,Conductor,Conductor,Conductor
Electrical Conductivity [S/m],nan,nan,1.10E+07,2.50E+07,0.0001,100000,nan,nan,nan,nan,2.10E+07,2.30E+07,3.80E+07,1000,1.00E+07,1.00E-15,0.01,nan,1.40E+07,2.90E+07,1.80E+06,2.50E+06,5.00E+06,7.90E+06,620000,1.00E+07,1.70E+07,1.40E+07,5.90E+07,1.70E+07,7.10E+06,2000,3.30E+06,nan,1.00E-10,nan,8.30E+06,7.70E+06,1.80E+06,2.40E+06,6.70E+06,2.00E+07,5.00E+06,1.40E+07,2.30E+07,1.00E+07,6.20E+07,1.40E+07,1.20E+07,9.10E+06,2.50E+06,10000,1.00E-07,nan,5.00E+06,2.90E+06,1.60E+06,1.40E+06,1.40E+06,1.60E+06,1.30E+06,1.10E+06,1.10E+06,770000,830000,1.10E+06,1.10E+06,1.20E+06,1.40E+06,3.60E+06,1.80E+06,3.30E+06,7.70E+06,2.00E+07,5.60E+06,1.20E+07,2.10E+07,9.40E+06,4.50E+07,1.00E+06,6.70E+06,4.80E+06,770000,2.30E+06,nan,nan,nan,1.00E+06,nan,6.70E+06,5.60E+06,3.60E+06,830000,670000
Resistivity [m Ohm],nan,nan,9.40E-08,4.00E-08,10000,0.00001,nan,nan,nan,nan,4.70E-08,4.40E-08,2.60E-08,0.001,1.00E-07,1.00E+15,100,nan,7.00E-08,3.40E-08,5.50E-07,4.00E-07,2.00E-07,1.30E-07,1.60E-06,9.70E-08,6.00E-08,7.00E-08,1.70E-08,5.90E-08,1.40E-07,0.0005,3.00E-07,nan,1.00E+10,nan,1.20E-07,1.30E-07,5.70E-07,4.20E-07,1.50E-07,5.00E-08,2.00E-07,7.00E-08,4.30E-08,1.00E-07,1.60E-08,7.00E-08,8.00E-08,1.10E-07,4.00E-07,0.0001,1.00E+07,nan,2.00E-07,3.50E-07,6.10E-07,7.50E-07,7.00E-07,6.40E-07,7.50E-07,9.40E-07,9.00E-07,1.30E-06,1.20E-06,9.10E-07,9.40E-07,8.60E-07,7.00E-07,2.80E-07,5.70E-07,3.00E-07,1.30E-07,5.00E-08,1.80E-07,8.00E-08,4.70E-08,1.10E-07,2.20E-08,9.60E-07,1.50E-07,2.10E-07,1.30E-06,4.30E-07,nan,nan,nan,1.00E-06,nan,1.50E-07,1.80E-07,2.80E-07,1.20E-06,1.50E-06
Superconducting Point,nan,nan,nan,0.026,nan,nan,nan,nan,nan,nan,nan,nan,1.175,nan,nan,nan,nan,nan,nan,nan,0.05,0.4,5.4,nan,nan,nan,nan,nan,nan,0.85,1.083,nan,nan,nan,nan,nan,nan,nan,1.3,0.61,9.25,0.915,7.7,0.49,nan,nan,nan,0.517,3.41,3.72,nan,nan,nan,nan,nan,nan,4.88,0.022,nan,nan,nan,nan,1.8,nan,nan,nan,nan,nan,nan,nan,0.1,0.128,4.47,0.015,1.7,0.66,0.11,nan,nan,4.154,2.38,7.2,nan,nan,nan,nan,nan,nan,nan,1.38,1.41,0.69,nan,nan
Cohesive Energy [eV/atom],nan,nan,1.63,3.32,5.81,7.37,4.92,2.6,0.84,0.02,1.113,1.51,3.39,4.63,3.43,2.85,1.4,0.08,0.934,1.84,3.9,4.85,5.31,4.1,2.92,4.28,4.39,4.44,3.49,1.35,2.81,3.85,2.96,2.46,1.22,0.116,0.852,1.72,4.37,6.25,7.57,6.82,6.85,6.74,5.75,3.89,2.95,1.16,2.52,3.14,2.75,2.19,1.11,0.16,0.804,1.9,4.47,4.32,3.7,3.4,nan,2.14,1.86,4.14,4.05,3.04,3.14,3.29,2.42,1.6,4.43,6.44,8.1,8.9,8.03,8.17,6.94,5.84,3.81,0.67,1.88,2.03,2.18,1.5,nan,0.202,nan,1.66,4.25,6.2,nan,5.55,4.73,3.6
Sublimation Energy [eV/atom] (predict=Fusion+Vaporization),0.010504,0.0010712,1.56,3.17148,5.7928,8.528,0.03276,0.0377728,0.036712,0.021736,1.04312,1.42168,3.15848,4.25568,0.135616,0.119912,0.13936,0.079872,0.823992,1.700816,3.4736,4.61448,4.94832,3.7388,2.42528,3.75232,4.06848,4.11008,3.25624,1.31404,2.720536,3.80432,0.62504,0.32656,0.21424,0.110864,0.761176,1.508,4.07056,6.2504,7.45472,6.6144,5.9592,6.29928,5.37368,4.12568,2.76952,1.10552,2.425904,3.0888,0.90168,0.6812,0.298064,0.155376,0.687336,1.5392,4.22552,3.6972,3.50376,3.03784,3.09608,1.9084,1.91672,3.276,3.18032,3.02744,2.9328,3.17096,2.77472,1.74408,4.5448,6.8172,8.0288,8.684,7.6752,6.8744,6.0944,5.304,3.562,0.639496,1.75968,1.900808,1.77736,1.1752,0.4784,0.208,0.6864,1.3832,4.3056,5.6784,5.044,4.5136,3.588,nan
Sublimation Energy [eV/atom] (MEAM),2.225,0.032,1.65,3.43,5.415,7.37,4.88,2.558,nan,nan,1.13,1.55,3.58,4.63,2.72,nan,nan,nan,0.941,1.84,3.89,4.87,5.3,4.1,2.9,4.29,4.41,4.45,3.54,1.55,2.897,3.85,nan,nan,nan,nan,nan,1.72,4.41,6.36,7.47,6.81,7.534,6.74,5.75,3.91,2.85,1.16,2.51,3.08,nan,nan,nan,0.032,nan,nan,nan,nan,3.45,3.36,nan,nan,nan,4.18,3.85,2.68,2.8,3.04,nan,nan,nan,6.35,8.089,8.66,8.09,nan,6.93,5.77,3.93,nan,1.87,2.04,2.16,nan,nan,nan,nan,nan,nan,nan,nan,5.397236,nan,3.8
,,,,,,,,,,,,,,,,,,,,,,,,,,,,,,,,,,,,,,,,,,,,,,,,,,,,,,,,,,,,,,,,,,,,,,,,,,,,,,,,,,,,,,,,,,,,,,
Magnetic properties,,,,,,,,,,,,,,,,,,,,,,,,,,,,,,,,,,,,,,,,,,,,,,,,,,,,,,,,,,,,,,,,,,,,,,,,,,,,,,,,,,,,,,,,,,,,,,
Magnetic Type,Diamagnetic,Diamagnetic,Paramagnetic,Diamagnetic,Diamagnetic,Diamagnetic,Diamagnetic,Paramagnetic,nan,Diamagnetic,Paramagnetic,Paramagnetic,Paramagnetic,Diamagnetic,Diamagnetic,Diamagnetic,Diamagnetic,Diamagnetic,Paramagnetic,Paramagnetic,Paramagnetic,Paramagnetic,Paramagnetic,Antiferromagnetic,Paramagnetic,Ferromagnetic,Ferromagnetic,Ferromagnetic,Diamagnetic,Diamagnetic,Diamagnetic,Diamagnetic,Diamagnetic,Diamagnetic,Diamagnetic,Diamagnetic,Paramagnetic,Paramagnetic,Paramagnetic,Paramagnetic,Paramagnetic,Paramagnetic,Paramagnetic,Paramagnetic,Paramagnetic,Paramagnetic,Diamagnetic,Diamagnetic,Diamagnetic,Diamagnetic,Diamagnetic,Diamagnetic,Diamagnetic,Diamagnetic,Paramagnetic,Paramagnetic,Paramagnetic,Paramagnetic,Paramagnetic,Paramagnetic,nan,Paramagnetic,Paramagnetic,Ferromagnetic,Paramagnetic,Paramagnetic,Paramagnetic,Paramagnetic,Paramagnetic,Paramagnetic,Paramagnetic,Paramagnetic,Paramagnetic,Paramagnetic,Paramagnetic,Paramagnetic,Paramagnetic,Paramagnetic,Diamagnetic,Diamagnetic,Diamagnetic,Diamagnetic,Diamagnetic,nan,nan,nan,nan,nan,nan,Paramagnetic,Paramagnetic,Paramagnetic,nan,Paramagnetic
Curie Point [K],nan,nan,nan,nan,nan,nan,nan,nan,nan,nan,nan,nan,nan,nan,nan,nan,nan,nan,nan,nan,nan,nan,nan,nan,nan,1043,1394,631,nan,nan,nan,nan,nan,nan,nan,nan,nan,nan,nan,nan,nan,nan,nan,nan,nan,nan,nan,nan,nan,nan,nan,nan,nan,nan,nan,nan,nan,nan,nan,nan,nan,nan,nan,292,222,87,20,32,25,nan,nan,nan,nan,nan,nan,nan,nan,nan,nan,nan,nan,nan,nan,nan,nan,nan,nan,nan,nan,nan,nan,nan,nan,nan
Mass Magnetic Susceptibility [m3/Kg],-2.48E-08,-5.90E-09,2.56E-08,-1.26E-08,-8.70E-09,-6.20E-09,-5.40E-09,1.34E-06,nan,-4.10E-09,8.80E-09,6.90E-09,7.80E-09,-1.60E-09,-1.13E-08,-6.20E-09,-7.20E-09,-6.00E-09,6.70E-09,1.38E-08,8.80E-08,4.01E-08,6.28E-08,4.45E-08,1.21E-07,nan,nan,nan,-1.08E-09,-2.21E-09,-3.00E-09,-1.50E-09,-3.90E-09,-4.00E-09,-4.90E-09,-4.40E-09,2.60E-09,1.32E-09,6.66E-08,1.68E-08,2.76E-08,1.17E-08,3.42E-08,5.42E-09,1.36E-08,6.57E-08,-2.27E-09,-2.30E-09,-1.40E-09,-3.10E-09,-1.09E-08,-3.90E-09,-4.50E-09,-4.30E-09,2.80E-09,1.13E-08,1.10E-08,2.20E-07,4.23E-07,4.80E-07,nan,1.11E-07,2.76E-07,nan,0.0000136,5.45E-06,5.49E-06,3.77E-06,1.99E-06,5.90E-09,1.20E-09,5.30E-09,1.07E-08,4.59E-09,4.56E-09,6.00E-10,1.67E-09,1.22E-08,-1.78E-09,-2.10E-09,-3.00E-09,-1.50E-09,-1.70E-08,nan,nan,nan,nan,nan,nan,7.20E-09,3.25E-08,2.16E-08,nan,3.17E-08
Molar Magnetic Susceptibility [m3/mol],-5.00E-11,-2.36E-11,1.78E-10,-1.14E-10,-9.41E-11,-7.45E-11,-1.50E-10,4.27E-08,nan,-8.27E-11,2.00E-10,1.68E-10,2.10E-10,-4.49E-11,-3.50E-10,-1.99E-10,-5.11E-10,-2.40E-10,2.62E-10,5.53E-10,3.96E-09,1.92E-09,3.20E-09,2.31E-09,6.65E-09,nan,nan,nan,-6.86E-11,-1.45E-10,-2.09E-10,-1.09E-10,-2.92E-10,-3.16E-10,-7.83E-10,-3.69E-10,2.22E-10,1.16E-10,5.92E-09,1.53E-09,2.56E-09,1.12E-09,3.35E-09,5.48E-10,1.40E-09,6.99E-09,-2.45E-10,-2.59E-10,-1.61E-10,-3.68E-10,-1.33E-09,-4.98E-10,-1.14E-09,-5.65E-10,3.72E-10,1.55E-09,1.53E-09,3.08E-08,5.96E-08,6.92E-08,nan,1.67E-08,4.19E-08,nan,2.16E-06,8.86E-07,9.05E-07,6.31E-07,3.36E-07,1.02E-09,2.10E-10,9.46E-10,1.94E-09,8.44E-10,8.49E-10,1.10E-10,3.21E-10,2.38E-09,-3.51E-10,-4.21E-10,-6.13E-10,-3.11E-10,-3.60E-09,nan,nan,nan,nan,nan,nan,1.70E-09,7.51E-09,5.14E-09,nan,7.74E-09
Volume Magnetic Susceptibility,-2.23E-09,-1.05E-09,0.0000137,-0.00002328,-0.0000214,-0.000014,-6.80E-09,1.91E-06,nan,-3.69E-09,8.60E-06,0.000012,0.0000211,-0.00000373,-0.0000206,-0.0000122,-2.31E-08,-1.07E-08,5.74E-06,0.00002139,0.0002627,0.0001807,0.0003837,0.0003177,0.00090387,nan,nan,nan,-0.00000963,-0.0000158,-0.0000177,-0.00000798,-0.0000223,-0.0000193,-0.0000153,-1.65E-08,3.98E-06,3.47E-06,0.0002978,0.000109,0.000237,0.0001203,0.0003933,0.000067,0.0001693,0.0007899,-0.0000238,-0.0000199,-0.0000102,-0.0000227,-0.000073,-0.0000243,-0.0000222,-2.54E-08,5.26E-06,0.00003966,0.00006761,0.0014716,0.0028087,0.0033648,nan,0.00081618,0.0014473,nan,0.1117784,0.046603,0.0482845,0.0341788,0.0185488,0.0000388,0.0000118,0.0000705,0.0001782,0.0000884,0.0000959,0.000014,0.0000377,0.0002573,-0.0000344,-0.0000284,-0.0000356,-0.000017,-0.00017,nan,nan,nan,nan,nan,nan,0.000084,0.0004995,0.000411,nan,0.0006282
,,,,,,,,,,,,,,,,,,,,,,,,,,,,,,,,,,,,,,,,,,,,,,,,,,,,,,,,,,,,,,,,,,,,,,,,,,,,,,,,,,,,,,,,,,,,,,
Abundances,,,,,,,,,,,,,,,,,,,,,,,,,,,,,,,,,,,,,,,,,,,,,,,,,,,,,,,,,,,,,,,,,,,,,,,,,,,,,,,,,,,,,,,,,,,,,,
% in Universe,75,23,6.00E-07,1.00E-07,1.00E-07,0.5,0.1,1,0.00004,0.13,0.002,0.059,0.005,0.07,0.0007,0.05,0.0001,0.02,0.0003,0.007,3.00E-06,0.0003,0.0001,0.0015,0.0008,0.11,0.0003,0.006,6.00E-06,0.00003,1.00E-06,0.00002,8.00E-07,3.00E-06,7.00E-07,4.00E-06,1.00E-06,4.00E-06,7.00E-07,5.00E-06,2.00E-07,5.00E-07,nan,4.00E-07,6.00E-08,2.00E-07,6.00E-08,2.00E-07,3.00E-08,4.00E-07,4.00E-08,9.00E-07,1.00E-07,1.00E-06,8.00E-08,1.00E-06,2.00E-07,1.00E-06,2.00E-07,1.00E-06,nan,5.00E-07,5.00E-08,2.00E-07,5.00E-08,2.00E-07,5.00E-08,2.00E-07,1.00E-08,2.00E-07,1.00E-08,7.00E-08,8.00E-09,5.00E-08,2.00E-08,3.00E-07,2.00E-07,5.00E-07,6.00E-08,1.00E-07,5.00E-08,1.00E-06,7.00E-08,nan,nan,nan,nan,nan,nan,4.00E-08,nan,2.00E-08,nan,nan
% in Sun,75,23,6.00E-09,1.00E-08,2.00E-07,0.3,0.1,0.9,0.00005,0.1,0.004,0.07,0.006,0.09,0.0007,0.04,0.0008,0.007,0.0004,0.007,4.00E-06,0.0004,0.00004,0.002,0.001,0.1,0.0004,0.008,0.00007,0.0002,4.00E-06,0.00002,nan,nan,nan,nan,3.00E-06,5.00E-06,9.90E-07,4.00E-06,4.00E-07,9.00E-07,0,5.00E-07,2.00E-07,3.00E-07,1.00E-07,6.00E-07,4.00E-07,9.00E-07,1.00E-07,nan,nan,nan,8.00E-07,9.90E-07,2.00E-07,4.00E-07,1.00E-07,3.00E-07,0,1.00E-07,5.00E-08,2.00E-07,1.00E-08,2.00E-07,0,1.00E-07,2.00E-08,1.00E-07,1.00E-07,1.00E-07,nan,4.00E-07,1.00E-08,2.00E-07,2.00E-07,9.00E-07,1.00E-07,2.00E-06,1.00E-07,9.90E-07,9.90E-07,nan,nan,nan,nan,nan,0,3.00E-08,nan,1.00E-07,0,0
% in Meteorites,2.4,nan,0.00017,2.90E-06,0.00016,1.5,0.14,40,0.0087,nan,0.55,12,0.9,14,0.11,4,0.037,nan,0.07,1.1,0.00064,0.054,0.0061,0.3,0.27,22,0.059,1.3,0.011,0.018,0.00076,0.0021,0.00018,0.0013,0.00012,nan,0.00032,0.00086,0.00019,0.00066,0.000019,0.00012,0,0.000081,0.000018,0.000065,0.000014,0.000044,4.40E-06,0.00012,0.000012,0.00021,0.000025,nan,0.000014,0.00027,0.000028,0.000075,9.90E-06,0.00005,0,0.000017,5.90E-06,0.000023,3.90E-06,0.000027,5.90E-06,0.000018,2.90E-06,0.000018,2.90E-06,0.000017,2.00E-06,0.000012,4.90E-06,0.000065,0.000054,0.000098,0.000017,0.000025,7.90E-06,0.00014,6.90E-06,nan,0,nan,nan,nan,nan,3.90E-06,nan,9.80E-07,0,0
% in Earth's Crust,0.15,5.50E-07,0.0017,0.00019,0.00086,0.18,0.002,46,0.054,3.00E-07,2.3,2.9,8.1,27,0.099,0.042,0.017,0.00015,1.5,5,0.0026,0.66,0.019,0.014,0.11,6.3,0.003,0.009,0.0068,0.0078,0.0019,0.00014,0.00021,5.00E-06,0.0003,1.50E-08,0.006,0.036,0.0029,0.013,0.0017,0.00011,0,1.00E-07,7.00E-08,6.30E-07,7.90E-06,0.000015,0.000016,0.00022,0.00002,1.00E-07,0.000049,2.00E-09,0.00019,0.034,0.0034,0.006,0.00086,0.0033,0,0.0006,0.00018,0.00052,0.000093,0.00062,0.00012,0.0003,0.000045,0.00028,0.000057,0.00033,0.00017,0.00011,2.60E-07,1.80E-07,4.00E-08,3.70E-06,3.10E-07,6.70E-06,0.000054,0.001,2.50E-06,nan,0,nan,nan,1.00E-11,nan,0.0006,9.90E-13,0.00018,0,0
% in Oceans,11,7.20E-10,0.000018,6.00E-11,0.00044,0.0028,0.00005,86,0.00013,1.20E-08,1.1,0.13,5.00E-07,0.0001,7.00E-06,0.093,2,0.000045,0.042,0.00042,1.50E-10,1.00E-07,1.50E-07,6.00E-08,2.00E-07,3.00E-07,8.00E-09,2.00E-07,3.00E-07,5.00E-07,3.00E-09,6.00E-09,2.30E-07,4.50E-08,0.0066,2.10E-08,0.000012,0.0008,1.30E-09,2.60E-09,1.00E-10,9.90E-07,0,7.00E-11,nan,nan,1.00E-08,5.00E-09,1.00E-11,9.90E-10,2.00E-08,nan,6.00E-06,5.00E-10,5.00E-08,3.00E-06,3.40E-10,1.20E-10,6.00E-11,2.80E-10,0,4.50E-11,1.30E-11,7.00E-11,1.40E-11,9.10E-11,2.20E-11,9.00E-11,2.00E-11,8.00E-11,1.50E-11,8.00E-10,2.00E-10,1.20E-08,1.00E-10,nan,nan,nan,5.00E-09,5.00E-09,1.00E-10,3.00E-09,2.00E-09,2.00E-18,0,6.00E-20,nan,1.00E-15,nan,4.00E-12,2.00E-23,3.30E-07,0,0
% in Humans,10,nan,3.00E-06,4.00E-08,0.00007,23,2.6,61,0.0037,nan,0.14,0.027,0.00009,0.026,1.1,0.2,0.12,nan,0.2,1.4,nan,nan,3.00E-06,3.00E-06,0.00002,0.006,2.00E-06,0.00001,0.0001,0.0033,nan,nan,5.00E-06,5.00E-06,0.00029,nan,0.00046,0.00046,nan,5.00E-06,nan,0.00001,0,nan,nan,nan,nan,0.00007,nan,0.00002,nan,nan,0.00002,nan,2.00E-06,0.00003,nan,nan,nan,nan,0,nan,nan,nan,nan,nan,nan,nan,nan,nan,nan,nan,nan,nan,nan,nan,nan,nan,0.00001,nan,nan,0.00017,nan,0,0,nan,0,1.00E-13,0,0,0,1.00E-07,0,0
,,,,,,,,,,,,,,,,,,,,,,,,,,,,,,,,,,,,,,,,,,,,,,,,,,,,,,,,,,,,,,,,,,,,,,,,,,,,,,,,,,,,,,,,,,,,,,
Atomic dimensions and structure,,,,,,,,,,,,,,,,,,,,,,,,,,,,,,,,,,,,,,,,,,,,,,,,,,,,,,,,,,,,,,,,,,,,,,,,,,,,,,,,,,,,,,,,,,,,,,
Atomic Radius [pm],53,31,167,112,87,67,56,48,42,38,190,145,118,111,98,87,79,71,243,194,184,176,171,166,161,156,152,149,145,142,136,125,114,103,94,87,265,219,212,206,198,190,183,178,173,169,165,161,156,145,133,123,115,108,298,253,nan,nan,247,206,205,238,231,233,225,228,226,226,222,222,217,208,200,193,188,185,180,177,174,171,156,154,143,135,127,120,nan,nan,nan,nan,nan,nan,nan,nan
Covalent Radius [pm],31,28,128,96,85,76,71,66,57,58,166,141,121,111,107,105,102,106,203,176,170,160,153,139,139,132,126,124,132,122,122,120,119,120,120,116,220,195,190,175,164,154,147,146,142,139,145,144,142,139,139,138,139,140,244,215,207,204,203,201,199,198,198,196,194,192,192,189,190,187,187,175,170,162,151,144,141,136,136,132,145,146,148,140,150,150,260,221,215,206,200,196,190,187
Covalent Radius [pm] (single bond),32,46,133,102,85,75,71,63,64,67,155,139,126,116,111,103,99,96,196,171,148,136,134,112,119,116,111,110,112,118,124,121,121,116,114,117,210,185,163,154,147,138,128,125,125,120,128,136,142,140,140,136,133,131,232,196,180,163,176,174,173,172,168,169,168,167,166,165,164,170,162,152,146,137,131,129,122,123,124,133,144,144,151,145,147,142,223,201,186,175,169,170,171,172
Covalent Radius [pm] (double bond),nan,nan,124,90,78,67,60,57,59,96,160,132,113,107,102,94,95,107,193,147,116,117,112,111,105,109,103,101,115,120,117,111,114,107,109,121,202,157,130,127,125,121,120,114,110,117,139,144,136,130,133,128,129,135,209,161,139,137,138,137,135,134,134,135,135,133,133,133,131,129,131,128,126,120,119,116,115,112,121,142,142,135,141,135,138,145,218,173,153,143,138,134,136,135
Covalent Radius [pm] (triple bond),nan,nan,nan,85,73,60,54,53,53,nan,nan,127,111,102,94,95,93,96,nan,133,114,108,106,103,103,102,96,101,120,nan,121,114,106,107,110,108,nan,139,124,121,116,113,110,103,106,112,137,nan,146,132,127,121,125,122,nan,149,139,131,128,nan,nan,nan,nan,132,nan,nan,nan,nan,nan,nan,131,122,119,115,110,109,107,110,123,nan,150,137,135,129,138,133,nan,159,140,136,129,118,116,nan
Van der Waals Radius [pm],120,140,182,nan,nan,170,155,152,147,154,227,173,nan,210,180,180,175,188,275,nan,nan,nan,nan,nan,nan,nan,nan,163,140,139,187,nan,185,190,185,202,nan,nan,nan,nan,nan,nan,nan,nan,nan,163,172,158,193,217,nan,206,198,216,nan,nan,nan,nan,nan,nan,nan,nan,nan,nan,nan,nan,nan,nan,nan,nan,nan,nan,nan,nan,nan,nan,nan,175,166,155,196,202,nan,nan,nan,nan,nan,nan,nan,nan,nan,186,nan,nan
Crystal Structure,Simple Hexagonal,Face-centered,Body-centered,Simple Hexagonal,Simple Trigonal,Simple Hexagonal,Simple Hexagonal,Base-centered,Base-centered,Face-centered,Body-centered,Simple Hexagonal,Face-centered,Tetrahedral Packing,Simple Triclinic,Face-centered,Base Orthorhombic,Face-centered,Body-centered,Face-centered,Simple Hexagonal,Simple Hexagonal,Body-centered,Body-centered,Body-centered Cubic,Body-centered,Simple Hexagonal,Face-centered,Face-centered,Simple Hexagonal,Base Orthorhombic,Face-centered,Simple Trigonal,Simple Monoclinic,Base Orthorhombic,Face-centered,Body-centered,Face-centered,Simple Hexagonal,Simple Hexagonal,Body-centered,Body-centered,Simple Hexagonal,Simple Hexagonal,Face-centered,Face-centered,Face-centered,Simple Hexagonal,Centered Tetragonal,Centered Tetragonal,Simple Trigonal,Simple Trigonal,Base Orthorhombic,Face-centered,Body-centered,Body-centered,Simple Hexagonal,Simple Hexagonal,Simple Hexagonal,Simple Hexagonal,nan,Simple Trigonal,Body-centered,Simple Hexagonal,Simple Hexagonal,Simple Hexagonal,Simple Hexagonal,Simple Hexagonal,Simple Hexagonal,Face-centered,Simple Hexagonal,Simple Hexagonal,Body-centered,Body-centered,Simple Hexagonal,Simple Hexagonal,Face-centered,Face-centered,Face-centered,Simple Trigonal,Simple Hexagonal,Face-centered,Base-centered,Simple Cubic,nan,nan,nan,Body-centered,Face-centered,Face-centered,Centered Tetragonal,"	Base Orthorhombic",Simple,Simple
Crystal Structure (abbreviation),HCP,FCC,BCC,HCP,,HCP,HCP,,,FCC,BCC,HCP,FCC,DIA,,,,FCC,BCC,FCC,HCP,HCP,BCC,BCC,,BCC,HCP,FCC,FCC,HCP,,FCC,,,,FCC,BCC,FCC,HCP,HCP,BCC,BCC,HCP,HCP,FCC,FCC,FCC,HCP,,,,,,FCC,BCC,BCC,HCP,HCP,HCP,HCP,,,BCC,HCP,HCP,HCP,HCP,HCP,HCP,FCC,HCP,HCP,BCC,BCC,HCP,HCP,FCC,FCC,FCC,,HCP,FCC,,,,,,BCC,FCC,FCC,,,,
Lattice Angles (rad),"PI()/2, PI()/2, 2*PI()/3","PI()/2, PI()/2, PI()/2","PI()/2, PI()/2, PI()/2","PI()/2, PI()/2, 2*PI()/3","1.01334, 1.01334, 1.01334","PI()/2, PI()/2, 2*PI()/3","PI()/2, PI()/2, 2*PI()/3","PI()/2, 2.313085, PI()/2","PI()/2, PI()/2, PI()/2","PI()/2, PI()/2, PI()/2","PI()/2, PI()/2, PI()/2","PI()/2, PI()/2, 2*PI()/3","PI()/2, PI()/2, PI()/2","PI()/2, PI()/2, PI()/2","1.25384, 1.57725, 1.24896","PI()/2, PI()/2, PI()/2","PI()/2, PI()/2, PI()/2","PI()/2, PI()/2, PI()/2","PI()/2, PI()/2, PI()/2","PI()/2, PI()/2, PI()/2","PI()/2, PI()/2, 2*PI()/3","PI()/2, PI()/2, 2*PI()/3","PI()/2, PI()/2, PI()/2","PI()/2, PI()/2, PI()/2","PI()/2, PI()/2, PI()/2","PI()/2, PI()/2, PI()/2","PI()/2, PI()/2, 2*PI()/3","PI()/2, PI()/2, PI()/2","PI()/2, PI()/2, PI()/2","PI()/2, PI()/2, 2*PI()/3","PI()/2, PI()/2, PI()/2","PI()/2, PI()/2, PI()/2","PI()/2, PI()/2, 2*PI()/3","PI()/2, 1.58493, PI()/2","PI()/2, PI()/2, PI()/2","PI()/2, PI()/2, PI()/2","PI()/2, PI()/2, PI()/2","PI()/2, PI()/2, PI()/2","PI()/2, PI()/2, 2*PI()/3","PI()/2, PI()/2, 2*PI()/3","PI()/2, PI()/2, PI()/2","PI()/2, PI()/2, PI()/2","PI()/2, PI()/2, 2*PI()/3","PI()/2, PI()/2, 2*PI()/3","PI()/2, PI()/2, PI()/2","PI()/2, PI()/2, PI()/2","PI()/2, PI()/2, PI()/2","PI()/2, PI()/2, 2*PI()/3","PI()/2, PI()/2, PI()/2","PI()/2, PI()/2, PI()/2","PI()/2, PI()/2, 2*PI()/3","PI()/2, PI()/2, 2*PI()/3","PI()/2, PI()/2, PI()/2","PI()/2, PI()/2, PI()/2","PI()/2, PI()/2, PI()/2","PI()/2, PI()/2, PI()/2","PI()/2, PI()/2, 2*PI()/3","PI()/2, PI()/2, 2*PI()/3","PI()/2, PI()/2, 2*PI()/3","PI()/2, PI()/2, 2*PI()/3","nan, nan, nan","PI()/2, PI()/2, 2*PI()/3","PI()/2, PI()/2, PI()/2","PI()/2, PI()/2, 2*PI()/3","PI()/2, PI()/2, 2*PI()/3","PI()/2, PI()/2, 2*PI()/3","PI()/2, PI()/2, 2*PI()/3","PI()/2, PI()/2, 2*PI()/3","PI()/2, PI()/2, 2*PI()/3","PI()/2, PI()/2, PI()/2","PI()/2, PI()/2, 2*PI()/3","PI()/2, PI()/2, 2*PI()/3","PI()/2, PI()/2, PI()/2","PI()/2, PI()/2, PI()/2","PI()/2, PI()/2, 2*PI()/3","PI()/2, PI()/2, 2*PI()/3","PI()/2, PI()/2, PI()/2","PI()/2, PI()/2, PI()/2","PI()/2, PI()/2, PI()/2","1.23081, 1.23081, 1.23081","PI()/2, PI()/2, 2*PI()/3","PI()/2, PI()/2, PI()/2","PI()/2, 1.925622, PI()/2","PI()/2, PI()/2, PI()/2","nan, nan, nan","nan, nan, nan","nan, nan, nan","PI()/2, PI()/2, PI()/2","PI()/2, PI()/2, PI()/2","PI()/2, PI()/2, PI()/2","PI()/2, PI()/2, PI()/2","PI()/2, PI()/2, PI()/2","PI()/2, PI()/2, PI()/2","PI()/2, 1.776571, PI()/2"
"Lattice Angles, alpha (rad)",PI()/2,PI()/2,PI()/2,PI()/2,1.01334,PI()/2,PI()/2,PI()/2,PI()/2,PI()/2,PI()/2,PI()/2,PI()/2,PI()/2,1.25384,PI()/2,PI()/2,PI()/2,PI()/2,PI()/2,PI()/2,PI()/2,PI()/2,PI()/2,PI()/2,PI()/2,PI()/2,PI()/2,PI()/2,PI()/2,PI()/2,PI()/2,PI()/2,PI()/2,PI()/2,PI()/2,PI()/2,PI()/2,PI()/2,PI()/2,PI()/2,PI()/2,PI()/2,PI()/2,PI()/2,PI()/2,PI()/2,PI()/2,PI()/2,PI()/2,PI()/2,PI()/2,PI()/2,PI()/2,PI()/2,PI()/2,PI()/2,PI()/2,PI()/2,PI()/2,nan,PI()/2,PI()/2,PI()/2,PI()/2,PI()/2,PI()/2,PI()/2,PI()/2,PI()/2,PI()/2,PI()/2,PI()/2,PI()/2,PI()/2,PI()/2,PI()/2,PI()/2,PI()/2,1.23081,PI()/2,PI()/2,PI()/2,PI()/2,nan,nan,nan,PI()/2,PI()/2,PI()/2,PI()/2,PI()/2,PI()/2,PI()/2
"Lattice Angles, beta (rad)",PI()/2,PI()/2,PI()/2,PI()/2,1.01334,PI()/2,PI()/2,2.313085,PI()/2,PI()/2,PI()/2,PI()/2,PI()/2,PI()/2,1.57725,PI()/2,PI()/2,PI()/2,PI()/2,PI()/2,PI()/2,PI()/2,PI()/2,PI()/2,PI()/2,PI()/2,PI()/2,PI()/2,PI()/2,PI()/2,PI()/2,PI()/2,PI()/2,1.58493,PI()/2,PI()/2,PI()/2,PI()/2,PI()/2,PI()/2,PI()/2,PI()/2,PI()/2,PI()/2,PI()/2,PI()/2,PI()/2,PI()/2,PI()/2,PI()/2,PI()/2,PI()/2,PI()/2,PI()/2,PI()/2,PI()/2,PI()/2,PI()/2,PI()/2,PI()/2,nan,PI()/2,PI()/2,PI()/2,PI()/2,PI()/2,PI()/2,PI()/2,PI()/2,PI()/2,PI()/2,PI()/2,PI()/2,PI()/2,PI()/2,PI()/2,PI()/2,PI()/2,PI()/2,1.23081,PI()/2,PI()/2,1.925622,PI()/2,nan,nan,nan,PI()/2,PI()/2,PI()/2,PI()/2,PI()/2,PI()/2,1.776571
"Lattice Angles, gamma (rad)",2*PI()/3,PI()/2,PI()/2,2*PI()/3,1.01334,2*PI()/3,2*PI()/3,PI()/2,PI()/2,PI()/2,PI()/2,2*PI()/3,PI()/2,PI()/2,1.24896,PI()/2,PI()/2,PI()/2,PI()/2,PI()/2,2*PI()/3,2*PI()/3,PI()/2,PI()/2,PI()/2,PI()/2,2*PI()/3,PI()/2,PI()/2,2*PI()/3,PI()/2,PI()/2,2*PI()/3,PI()/2,PI()/2,PI()/2,PI()/2,PI()/2,2*PI()/3,2*PI()/3,PI()/2,PI()/2,2*PI()/3,2*PI()/3,PI()/2,PI()/2,PI()/2,2*PI()/3,PI()/2,PI()/2,2*PI()/3,2*PI()/3,PI()/2,PI()/2,PI()/2,PI()/2,2*PI()/3,2*PI()/3,2*PI()/3,2*PI()/3,nan,2*PI()/3,PI()/2,2*PI()/3,2*PI()/3,2*PI()/3,2*PI()/3,2*PI()/3,2*PI()/3,PI()/2,2*PI()/3,2*PI()/3,PI()/2,PI()/2,2*PI()/3,2*PI()/3,PI()/2,PI()/2,PI()/2,1.23081,2*PI()/3,PI()/2,PI()/2,PI()/2,nan,nan,nan,PI()/2,PI()/2,PI()/2,PI()/2,PI()/2,PI()/2,PI()/2
Lattice Constants [pm],"470, 470, 340","424.2, 424.2, 424.2","351, 351, 351","228.58, 228.58, 358.43","506, 506, 506","246.4, 246.4, 671.1","386.1, 386.1, 626.5","540.3, 342.9, 508.6","550, 328, 728","442.9, 442.9, 442.9","429.06, 429.06, 429.06","320.94, 320.94, 521.08","404.95, 404.95, 404.95","543.09, 543.09, 543.09","1145, 550.3, 1126.1","1043.7, 1284.5, 2436.9","622.35, 445.61, 817.85","525.6, 525.6, 525.6","532.8, 532.8, 532.8","558.84, 558.84, 558.84","330.9, 330.9, 527.33","295.08, 295.08, 468.55","303, 303, 303","291, 291, 291","891.25, 891.25, 891.25","286.65, 286.65, 286.65","250.71, 250.71, 406.95","352.4, 352.4, 352.4","361.49, 361.49, 361.49","266.49, 266.49, 494.68","451.97, 766.33, 452.6","565.75, 565.75, 565.75","375.98, 375.98, 1054.75","905.4, 908.3, 1160.1","672.65, 464.51, 870.23","570.6, 570.6, 570.6","558.5, 558.5, 558.5","608.49, 608.49, 608.49","364.74, 364.74, 573.06","323.2, 323.2, 514.7","330.04, 330.04, 330.04","314.7, 314.7, 314.7","273.5, 273.5, 438.8","270.59, 270.59, 428.15","380.34, 380.34, 380.34","389.07, 389.07, 389.07","408.53, 408.53, 408.53","297.94, 297.94, 561.86","325.23, 325.23, 494.61","583.18, 583.18, 318.19","430.7, 430.7, 1127.3","445.72, 445.72, 592.9","718.02, 471.02, 981.03","620.23, 620.23, 620.23","614.1, 614.1, 614.1","502.8, 502.8, 502.8","377.2, 377.2, 1214.4","362, 362, 599","367.25, 367.25, 1183.54","365.8, 365.8, 1179.9","nan, nan, nan","362.1, 362.1, 2625","458.1, 458.1, 458.1","363.6, 363.6, 578.26","360.1, 360.1, 569.36","359.3, 359.3, 565.37","357.73, 357.73, 561.58","355.88, 355.88, 558.74","353.75, 353.75, 555.46","548.47, 548.47, 548.47","350.31, 350.31, 555.09","319.64, 319.64, 505.11","330.13, 330.13, 330.13","316.52, 316.52, 316.52","276.1, 276.1, 445.6","273.44, 273.44, 431.73","383.9, 383.9, 383.9","392.42, 392.42, 392.42","407.82, 407.82, 407.82","300.5, 300.5, 300.5","345.66, 345.66, 552.48","495.08, 495.08, 495.08","667.4, 611.7, 330.4","335.9, 335.9, 335.9","nan, nan, nan","nan, nan, nan","nan, nan, nan","514.8, 514.8, 514.8","567, 567, 567","508.42, 508.42, 508.42","392.5, 392.5, 323.8","285.37, 586.95, 495.48","666.3, 472.3, 488.7","618.3, 482.2, 1096.3"
"Lattice Constants, a [pm]",470,424.2,351,228.58,506,246.4,386.1,540.3,550,442.9,429.06,320.94,404.95,543.09,1145,1043.7,622.35,525.6,532.8,558.84,330.9,295.08,303,291,891.25,286.65,250.71,352.4,361.49,266.49,451.97,565.75,375.98,905.4,672.65,570.6,558.5,608.49,364.74,323.2,330.04,314.7,273.5,270.59,380.34,389.07,408.53,297.94,325.23,583.18,430.7,445.72,718.02,620.23,614.1,502.8,377.2,362,367.25,365.8,nan,362.1,458.1,363.6,360.1,359.3,357.73,355.88,353.75,548.47,350.31,319.64,330.13,316.52,276.1,273.44,383.9,392.42,407.82,300.5,345.66,495.08,667.4,335.9,nan,nan,nan,514.8,567,508.42,392.5,285.37,666.3,618.3
"Lattice Constants, b [pm]",470,424.2,351,228.58,506,246.4,386.1,342.9,328,442.9,429.06,320.94,404.95,543.09,550.3,1284.5,445.61,525.6,532.8,558.84,330.9,295.08,303,291,891.25,286.65,250.71,352.4,361.49,266.49,766.33,565.75,375.98,908.3,464.51,570.6,558.5,608.49,364.74,323.2,330.04,314.7,273.5,270.59,380.34,389.07,408.53,297.94,325.23,583.18,430.7,445.72,471.02,620.23,614.1,502.8,377.2,362,367.25,365.8,nan,362.1,458.1,363.6,360.1,359.3,357.73,355.88,353.75,548.47,350.31,319.64,330.13,316.52,276.1,273.44,383.9,392.42,407.82,300.5,345.66,495.08,611.7,335.9,nan,nan,nan,514.8,567,508.42,392.5,586.95,472.3,482.2
"Lattice Constants, c [pm]",340,424.2,351,358.43,506,671.1,626.5,508.6,728,442.9,429.06,521.08,404.95,543.09,1126.1,2436.9,817.85,525.6,532.8,558.84,527.33,468.55,303,291,891.25,286.65,406.95,352.4,361.49,494.68,452.6,565.75,1054.75,1160.1,870.23,570.6,558.5,608.49,573.06,514.7,330.04,314.7,438.8,428.15,380.34,389.07,408.53,561.86,494.61,318.19,1127.3,592.9,981.03,620.23,614.1,502.8,1214.4,599,1183.54,1179.9,nan,2625,458.1,578.26,569.36,565.37,561.58,558.74,555.46,548.47,555.09,505.11,330.13,316.52,445.6,431.73,383.9,392.42,407.82,300.5,552.48,495.08,330.4,335.9,nan,nan,nan,514.8,567,508.42,323.8,495.48,488.7,1096.3
Space Group Name,P63/mmc,Fm-3m,Im-3m,P63/mmc,R-3m,P63/mmc,P63/mmc,C12/m1,C12/c1,Fm-3m,Im-3m,P63/mmc,Fm-3m,Fd-3m,P-1,Fddd,Cmca,Fm-3m,Im-3m,Fm-3m,P63/mmc,P63/mmc,Im-3m,Im-3m,I-43m,Im-3m,P63/mmc,Fm-3m,Fm-3m,P63/mmc,Cmca,Fm-3m,R-3m,P121/c1,Cmca,Fm-3m,Im-3m,Fm-3m,P63/mmc,P63/mmc,Im-3m,Im-3m,P63/mmc,P63/mmc,Fm-3m,Fm-3m,Fm-3m,P63/mmc,I4/mmm,I41/amd,R-3m,P3121,Cmca,Fm-3m,Im-3m,Im-3m,P63/mmc,P63/mmc,P63/mmc,P63/mmc,nan,R-3m,Im-3m,P63/mmc,P63/mmc,P63/mmc,P63/mmc,P63/mmc,P63/mmc,Fm-3m,P63/mmc,P63/mmc,Im-3m,Im-3m,P63/mmc,P63/mmc,Fm-3m,Fm-3m,Fm-3m,R-3m,P63/mmc,Fm-3m,C12/m1,Pm-3m,nan,nan,nan,Im-3m,Fm-3m,Fm-3m,I4/mmm,Cmcm,Pnma,P121/m1
Space Group Number,194,225,229,194,166,194,194,12,15,225,229,194,225,227,2,70,64,225,229,225,194,194,229,229,217,229,194,225,225,194,64,225,166,14,64,225,229,225,194,194,229,229,194,194,225,225,225,194,139,141,166,152,64,225,229,229,194,194,194,194,nan,166,229,194,194,194,194,194,194,225,194,194,229,229,194,194,225,225,225,166,194,225,12,221,nan,nan,nan,229,225,225,139,63,62,11
,,,,,,,,,,,,,,,,,,,,,,,,,,,,,,,,,,,,,,,,,,,,,,,,,,,,,,,,,,,,,,,,,,,,,,,,,,,,,,,,,,,,,,,,,,,,,,
DFT,HCP,FCC,BCC,HCP,FCC,HCP,HCP,DIA,DIM,FCC,BCC,HCP,FCC,DIA,SC,SC,DIM,FCC,BCC,FCC,HCP,HCP,BCC,BCC,FCC,BCC,HCP,FCC,FCC,HCP,I4/mmm,FCC,SC,SC,SC,FCC,BCC,FCC,HCP,HCP,BCC,BCC,HCP,HCP,FCC,FCC,FCC,HCP,BCC,FCC,SC,SC,BCC,FCC,BCC,BCC,HCP,HCP,HCP,HCP,HCP,FCC,BCC,HCP,HCP,HCP,HCP,HCP,HCP,FCC,HCP,HCP,BCC,BCC,HCP,HCP,FCC,FCC,FCC,HCP,HCP,FCC,SC,SC,DIM,HCP,BCC,BCC,FCC,FCC,HCP,BCC,BCC,FCC
dE (MP) [eV/atom],0,0,0,0,0.324,0,0,1.882,0,0,0,0,0,0,0.144,0.625,0,0,0,0,0,0,0,0,0.083,0,0,0,0,0,0.029,0,0.126,0.181,0.601,0,0,0,0,0,0,0,0,0,0,0,0,0,0.005,0.019,0.051,0.047,0.469,0,0,0,0,0,0,0,0,0.01,0,0,0,0,0,0,0,0,0,0,0,0,0,0,0,0,0,-0.02,0,0,0.046,0,0,0,0,0,0,0,0.001,0.271,0.447,0.268
Ec (QE) [eV/atom],2.14989857,0.006294307,1.182678063,3.735437206,5.327174294,4.715219315,3.89297775,2.687024925,1.784963896,0.021823257,1.247724089,1.436418611,3.750425949,5.418783813,5.227969907,3.483145137,1.732782868,0.00715694,1.010630442,1.899976672,4.533253892,6.69623913,8.322913484,9.428357999,9.244890637,8.55892352,7.942006969,4.730249804,4.285806052,3.992086327,2.861820787,3.959744376,4.247328374,3.203356523,1.120350867,0.066256268,0.909296981,1.609679872,3.032435248,7.269284598,10.1461629,11.0358819,11.28012454,10.84586107,9.668429368,5.156883893,4.383009604,6.4145401,2.390009584,3.599040361,4.100980148,3.087004566,0.952839273,0.131890164,0.072416852,1.89345305,5.994193526,5.917697807,5.958286868,5.976855077,5.982222106,5.992548127,5.887848531,6.002306034,6.010909266,6.024146677,6.038342638,6.059825812,6.088676414,2.841547989,6.150620373,7.302020352,9.604683913,11.41056425,11.4994227,10.91230551,9.130166402,6.086607264,3.112390024,0.164950239,2.094255375,3.410204988,3.667813125,2.867072479,0.978048568,0.190601857,0.566329662,1.267391586,4.041596927,7.405258748,8.605731051,5.513282373,10.39234697,10.55511888
dE ((Ec(exp)-dE(MP))-Ec(QE)),-2.13939457,-0.005223107,0.447321937,-0.415437206,0.158825706,2.654780685,1.02702225,-1.969024925,-0.944963896,-0.001823257,-0.134724089,0.073581389,-0.360425949,-0.788783813,-1.941969907,-1.258145137,-0.332782868,0.07284306,-0.076630442,-0.059976672,-0.633253892,-1.84623913,-3.012913484,-5.328357999,-6.407890637,-4.27892352,-3.552006969,-0.290249804,-0.795806052,-2.642086327,-0.080820787,-0.109744376,-1.413328374,-0.924356523,-0.501350867,0.049743732,-0.057296981,0.110320128,1.337564752,-1.019284598,-2.5761629,-4.215881904,-4.430124542,-4.105861066,-3.918429368,-1.266883893,-1.433009604,-5.2545401,0.124990416,-0.478040361,-1.401980148,-0.944004566,-0.311839273,0.028109836,0.731583148,0.00654695,-1.524193526,-1.597697807,-2.258286868,-2.576855077,-2.886142106,-3.862548127,-4.027848531,-1.862306034,-1.960909266,-2.984146677,-2.898342638,-2.769825812,-3.668676414,-1.241547989,-1.720620373,-0.862020352,-1.504683913,-2.510564251,-3.469422695,-2.742305507,-2.190166402,-0.246607264,0.697609976,0.525049761,-0.214255375,-1.380204988,-1.533813125,-1.367072479,-0.499648568,0.011398143,0.120070338,0.392608414,0.208403073,-1.205258748,-3.562731051,-0.234282373,-6.10934697,-7.22311888
Bulk modulus (QE) [GPa],107.226,0.92,13.807,124.042,269.024,154.152,178.738,118.044,3.598,1.509,7.606,35.724,77.262,88.922,112.033,84.465,2.115,0.81,3.513,17.478,53.297,109.922,181.238,252.161,279.813,260.893,250.042,200.456,140.649,73.28,nan,62.659,80.001,70.313,29.136,0.666,2.632,11.838,39.631,92.92,167.989,261.484,299.526,309.518,253.842,166.314,91.465,41.533,33.713,47.273,56.71,50.66,22.612,0.596,1.938,8.725,25.427,29.098,31.025,32.511,33.901,35.637,34.547,37.311,38.424,39.366,40.729,42.067,43.238,14.717,45.322,106.394,193.35,300.118,363.358,396.386,349.497,246.29,139.679,7.343,26.195,38.542,46.378,45.049,1.08,0.596,2.025,7.571,24.269,55.283,90.787,127.036,166.249,145.722
,,,,,,,,,,,,,,,,,,,,,,,,,,,,,,,,,,,,,,,,,,,,,,,,,,,,,,,,,,,,,,,,,,,,,,,,,,,,,,,,,,,,,,,,,,,,,,
Nuclear Properties,,,,,,,,,,,,,,,,,,,,,,,,,,,,,,,,,,,,,,,,,,,,,,,,,,,,,,,,,,,,,,,,,,,,,,,,,,,,,,,,,,,,,,,,,,,,,,
Half-Life,Stable,Stable,Stable,Stable,Stable,Stable,Stable,Stable,Stable,Stable,Stable,Stable,Stable,Stable,Stable,Stable,Stable,Stable,Stable,Stable,Stable,Stable,Stable,Stable,Stable,Stable,Stable,Stable,Stable,Stable,Stable,Stable,Stable,Stable,Stable,Stable,Stable,Stable,Stable,Stable,Stable,Stable,211098.4272,Stable,Stable,Stable,Stable,Stable,Stable,Stable,Stable,Stable,Stable,Stable,Stable,Stable,Stable,Stable,Stable,Stable,17.72577372,Stable,Stable,Stable,Stable,Stable,Stable,Stable,Stable,Stable,Stable,Stable,Stable,Stable,Stable,Stable,Stable,Stable,Stable,Stable,Stable,Stable,1.90E+19,102.1055302,8.055555556,3.82349537,21.66666667,1585.489599,21.78652968,1.41E+10,32787.92491,4.47E+09,2.15E+06,7.93E+07
Lifetime,Stable,Stable,Stable,Stable,Stable,Stable,Stable,Stable,Stable,Stable,Stable,Stable,Stable,Stable,Stable,Stable,Stable,Stable,Stable,Stable,Stable,Stable,Stable,Stable,Stable,Stable,Stable,Stable,Stable,Stable,Stable,Stable,Stable,Stable,Stable,Stable,Stable,Stable,Stable,Stable,Stable,Stable,6.02E+06,Stable,Stable,Stable,Stable,Stable,Stable,Stable,Stable,Stable,Stable,Stable,Stable,Stable,Stable,Stable,Stable,Stable,25.55809234,Stable,Stable,Stable,Stable,Stable,Stable,Stable,Stable,Stable,Stable,Stable,Stable,Stable,Stable,Stable,Stable,Stable,Stable,Stable,Stable,Stable,2.76E+19,147.1334348,11.66666667,5.516087963,31.66666667,2314.814815,31.43106291,2.03E+10,47279.29985,6.45E+09,3.10E+06,1.14E+08
Decay Mode,nan,nan,nan,nan,nan,nan,nan,nan,nan,nan,nan,nan,nan,nan,nan,nan,nan,nan,nan,nan,nan,nan,nan,nan,nan,nan,nan,nan,nan,nan,nan,nan,nan,nan,nan,nan,nan,nan,nan,nan,nan,nan,BetaDecay,nan,nan,nan,nan,nan,nan,nan,nan,nan,nan,nan,nan,nan,nan,nan,nan,nan,ElectronCapture,nan,nan,nan,nan,nan,nan,nan,nan,nan,nan,nan,nan,nan,nan,nan,nan,nan,nan,nan,nan,nan,AlphaEmission,AlphaEmission,BetaPlusDecay,AlphaEmission,BetaDecay,AlphaEmission,BetaDecay,AlphaEmission,AlphaEmission,AlphaEmission,AlphaEmission,AlphaEmission
Quantum Numbers,2S1/2,1S0,2S1/2,1S0,2P1/2,3P0,4S3/2,3P2,2P3/2,1S0,2S1/2,1S0,2P1/2,3P0,4S3/2,3P2,2P3/2,1S0,2S1/2,1S0,2D3/2,3F2,4F3/2,7S3,6S5/2,5D4,4F9/2,3F4,2S1/2,1S0,2P1/2,3P0,4S3/2,3P2,2P3/2,1S0,2S1/2,1S0,2D3/2,3F2,6D1/2,7S3,6S5/2,5F5,4F9/2,1S0,2S1/2,1S0,2P1/2,3P0,4S3/2,3P2,2P3/2,1S0,2S1/2,1S0,2D3/2,1G4,4I9/2,5I4,6H5/2,7F0,8S7/2,9D2,6H15/2,5I8,4I15/2,3H6,2F7/2,1S0,2D3/2,3F2,4F3/2,5D0,6S5/2,5D4,4F9/2,3D3,2S1/2,1S0,2P1/2,3P0,4S3/2,3P2,2P3/2,1S0,2S1/2,1S0,2D3/2,3F2,4K11/2,5L6,6L11/2,7F0
Neutron Cross Section,0.332,0.007,71,0.0092,760,0.0035,1.91,0.00028,0.0096,0.04,0.53,0.063,0.233,0.166,0.18,0.52,35.3,0.66,2.1,0.43,27.2,6.1,5.06,3.1,13.3,2.56,37.2,4.5,3.78,1.1,2.9,2.2,4.2,11.7,6.8,25,0.38,1.2,1.28,0.184,1.15,2.6,22,2.6,145,6.9,63.6,2450,194,0.62,5.4,5.4,6.3,25,29,1.3,8.98,0.6,11.4,49,8.40E+03,5.90E+03,4570,4.90E+04,23,950,64,165,105,35,85,104,20.5,18.4,90,15,425,10,98.7,374,3.4,0.171,0.034,0.5,nan,0.7,nan,13,880,7.4,200,7.57,180,1.7
Neutron Mass Absorption,0.011,0.00001,nan,0.00003,2.4,0.000015,0.0048,1.00E-06,0.00002,0.00059,0.0007,0.0001,0.03,0.0002,0.0002,0.00055,0.033,0.00059,0.0018,0.00037,0.025,0.0044,0.0033,0.0021,0.0083,0.0015,0.021,0.0026,0.0021,0.00055,0.0015,0.0011,0.002,0.0056,0.002,0.013,0.0003,0.0005,0.00059,0.00066,0.0004,0.0009,nan,0.0009,0.063,0.0023,0.02,1.4,0.06,0.0002,0.0016,0.0013,0.0018,0.0083,0.0077,0.00027,0.0023,0.00021,0.0029,0.011,nan,4.7,0.6,7.3,0.009,0.2,0.015,0.036,0.025,0.0076,0.022,0.02,0.0041,0.0036,0.016,0.0023,0.081,0.002,0.017,0.063,0.00059,0.00003,6.00E-06,nan,nan,nan,nan,nan,0.078,0.001,nan,0.0005,nan,nan
,,,,,,,,,,,,,,,,,,,,,,,,,,,,,,,,,,,,,,,,,,,,,,,,,,,,,,,,,,,,,,,,,,,,,,,,,,,,,,,,,,,,,,,,,,,,,,
Reference,https://periodictable.com/Elements/001/data.html,https://www.knowledgedoor.com/2/elements_handbook/debye_temperature.html,,,,,,,,,,,,,,,,,,,,,,,,,,,,,,,,,,,,,,,,,,,,,,,,,,,,,,,,,,,,,,,,,,,,,,,,,,,,,,,,,,,,,,,,,,,,
